"BOOKMAKER","TRACKNAME","TRACKCODE","COMMENTS"
"SPORTSBET","Wentworth Park","WWP",""
"SPORTSBET","The Meadows","MEA",""
"SPORTSBET","Capalaba","CPL",""
"SPORTSBET","Ballarat","BAL",""
"SPORTSBET","Healesville","HSV",""
"SPORTSBET","Hobart","HOB",""
"SPORTSBET","Mount Gambier","MTG",""
"SPORTSBET","Murray Bridge","MBR",""
"SPORTSBET","Q2 Parklands","QPD",""
"SPORTSBET","Sale","SAL",""
"SPORTSBET","Nowra","NOW",""
"SPORTSBET","Richmond","RIC",""
"SPORTSBET","Rockhampton","ROC",""
"SPORTSBET","Temora","TEM",""
"TAB","ANGLE PARK","ANG",""
"TABFORM","ANGLE PARK","A",""
"TAB","BULLI","BUL",""
"TABFORM","BULLI","C",""
"TAB","CENTRAL PARK","",""
"TABFORM","CENTRAL PARK","X",""
"TAB","DONCASTER","",""
"TABFORM","DONCASTER","V",""
"TAB","DUBBO","DUB",""
"TABFORM","DUBBO","C",""
"TAB","DUNSTALL PARK","",""
"TABFORM","DUNSTALL PARK","Q",""
"TAB","GEELONG","GEL",""
"TABFORM","GEELONG","E",""
"TAB","GEELONG EXTRA","",""
"TABFORM","GEELONG EXTRA","H",""
"TAB","GRAFTON","GRA",""
"TABFORM","GRAFTON","S",""
"TAB","GREAT YARMOUTH","",""
"TABFORM","GREAT YARMOUTH","U",""
"TAB","HARLOW","",""
"TABFORM","HARLOW","F",""
"TAB","HARLOW EXTRA","",""
"TABFORM","HARLOW EXTRA","G",""
"TAB","HOBART","HOB",""
"TABFORM","HOBART","T",""
"TAB","HORSHAM","HOR",""
"TABFORM","HORSHAM","P",""
"TAB","KINSLEY","",""
"TABFORM","KINSLEY","G",""
"TAB","MAITLAND","MTL",""
"TABFORM","MAITLAND","I",""
"TAB","MANDURAH","MRD",""
"TABFORM","MANDURAH","W",""
"TAB","MONMORE","",""
"TABFORM","MONMORE","R",""
"TAB","NORTHAM","NOR",""
"TABFORM","NORTHAM","W",""
"TAB","NOTTINGHAM","",""
"TABFORM","NOTTINGHAM","U",""
"TAB","Q1 LAKESIDE","QLE",""
"TABFORM","Q1 LAKESIDE","B",""
"TAB","Q STRAIGHT","",""
"TABFORM","Q STRAIGHT","B",""
"TAB","Q STRAIGHT EXTRA","",""
"TABFORM","Q STRAIGHT EXTRA","D",""
"TAB","ROMFORD","",""
"TABFORM","ROMFORD","Z",""
"TAB","SANDOWN PARK","SAN",""
"TABFORM","SANDOWN PARK","M",""
"TAB","SHEPPARTON","SHE",""
"TABFORM","SHEPPARTON","E",""
"TAB","SHEPPARTON EXTRA","",""
"TABFORM","SHEPPARTON EXTRA","N",""
"TAB","SUNDERLAND","",""
"TABFORM","SUNDERLAND","O",""
"TAB","TRARALGON","TRL",""
"TABFORM","TRARALGON","Y",""
"TAB","WAGGA","WAG",""
"TABFORM","WAGGA","J","ADDED 13/08/26 JM https://form.tab.com.au/racing/2026-08-14/WAGGA/WAG/G/6, changed from ""H"" to ""J"" at 11:31pm."
"TAB","WARRNAMBOOL","WBL",""
"TABFORM","WARRNAMBOOL","P",""
"TAB","WARRNAMBOOL EXTRA","",""
"TABFORM","WARRNAMBOOL EXTRA","H",""
"TAB","YOUGHAL","",""
"TABFORM","YOUGHAL","K",""
"TAB","WARRAGUL","WRG",""
"TABFORM","WARRAGUL","M",""
"TAB","RICHMOND","RIC",""
"TABFORM","RICHMOND","S",""
"TAB","NOWRA","NOW",""
"TABFORM","NOWRA","C",""
"TAB","CAPALABA","CPL",""
"TABFORM","CAPALABA","L",""
"TAB","Wentworth Park","WWP",""
"TAB","The Meadows","MEA",""
"TAB","Ballarat","BAL",""
"TAB","Healesville","HSV",""
"TAB","Mount Gambier","MTG",""
"TAB","Murray Bridge","MBR",""
"TAB","Q2 Parklands","QPD",""
"TAB","Sale","SAL",""
"TAB","Rockhampton","ROC",""
"TAB","Temora","TEM",""
